{"stats":{"minecraft:crafted":{"minecraft:polished_diorite_stairs":4},"minecraft:dropped":{"minecraft:dark_oak_log":1,"minecraft:torch":2,"minecraft:coal_ore":1,"minecraft:grass_block":4},"minecraft:killed":{"minecraft:skeleton":1,"minecraft:spider":1,"minecraft:creeper":1},"minecraft:custom":{"minecraft:time_since_rest":287509,"minecraft:sprint_one_cm":8991,"minecraft:damage_taken":480,"minecraft:walk_one_cm":954709,"minecraft:mob_kills":3,"minecraft:drop":8,"minecraft:damage_dealt":1258,"minecraft:interact_with_crafting_table":5,"minecraft:fly_one_cm":1642506,"minecraft:crouch_one_cm":8665,"minecraft:play_one_minute":310679,"minecraft:deaths":2,"minecraft:sneak_time":5978,"minecraft:walk_under_water_one_cm":257,"minecraft:jump":557,"minecraft:leave_game":18,"minecraft:walk_on_water_one_cm":4379,"minecraft:time_since_death":287486,"minecraft:climb_one_cm":161},"minecraft:used":{"minecraft:birch_fence":352,"minecraft:redstone_torch":2,"minecraft:light_blue_banner":5,"minecraft:coal_ore":24,"minecraft:dark_oak_log":7,"minecraft:spruce_wood":8,"minecraft:heavy_weighted_pressure_plate":6,"minecraft:smooth_quartz_slab":1,"minecraft:grass_block":363,"minecraft:green_wool":59,"minecraft:gray_carpet":3449,"minecraft:string":1,"minecraft:oak_sign":1,"minecraft:light_gray_carpet":244,"minecraft:black_carpet":6,"minecraft:cut_sandstone":2,"minecraft:smooth_sandstone_stairs":31,"minecraft:white_wool":6,"minecraft:torch":328,"minecraft:sand":6,"minecraft:white_carpet":64,"minecraft:stone_pressure_plate":6,"minecraft:dark_oak_door":5,"minecraft:polished_diorite":264},"minecraft:picked_up":{"minecraft:black_carpet":1,"minecraft:torch":16,"minecraft:grass_block":3,"minecraft:gunpowder":2,"minecraft:dark_oak_log":1,"minecraft:spider_eye":1,"minecraft:string":1,"minecraft:stone_pressure_plate":1,"minecraft:arrow":5,"minecraft:bone":2,"minecraft:rotten_flesh":7,"minecraft:light_blue_banner":2,"minecraft:gray_carpet":65,"minecraft:wheat_seeds":3,"minecraft:poppy":5,"minecraft:light_gray_carpet":2}},"DataVersion":2230}