{"stats":{"minecraft:dropped":{"minecraft:bedrock":1},"minecraft:used":{"minecraft:glass":12,"minecraft:water_bucket":50,"minecraft:bookshelf":8,"minecraft:acacia_door":2,"minecraft:spruce_door":1,"minecraft:prismarine_brick_slab":21,"minecraft:ladder":16,"minecraft:grass_block":27,"minecraft:carved_pumpkin":4,"minecraft:lantern":18,"minecraft:birch_leaves":19,"minecraft:poppy":23,"minecraft:jungle_fence":100,"minecraft:birch_sapling":19,"minecraft:string":12,"minecraft:oak_planks":318,"minecraft:light_gray_carpet":325,"minecraft:lectern":3,"minecraft:chest":6,"minecraft:iron_door":7,"minecraft:stonecutter":1,"minecraft:spruce_sapling":7,"minecraft:grass":123,"minecraft:bell":2,"minecraft:bedrock":172,"minecraft:oak_door":1,"minecraft:brain_coral":3,"minecraft:red_carpet":4,"minecraft:brown_stained_glass_pane":2,"minecraft:birch_pressure_plate":2,"minecraft:dirt":2,"minecraft:potion":4,"minecraft:snow":13,"minecraft:furnace":1,"minecraft:grindstone":1,"minecraft:yellow_bed":1,"minecraft:white_bed":2,"minecraft:campfire":2,"minecraft:sponge":4,"minecraft:acacia_sapling":2,"minecraft:stripped_oak_log":12,"minecraft:smooth_red_sandstone_stairs":6,"minecraft:granite":470,"minecraft:turtle_egg":1,"minecraft:jukebox":2,"minecraft:bone_meal":71,"minecraft:dark_oak_door":13,"minecraft:cobweb":8,"minecraft:polished_diorite":46},"minecraft:custom":{"minecraft:time_since_rest":128468,"minecraft:sprint_one_cm":257788,"minecraft:walk_one_cm":326389,"minecraft:drop":1,"minecraft:damage_dealt":138,"minecraft:fly_one_cm":390243,"minecraft:open_chest":1,"minecraft:crouch_one_cm":573,"minecraft:play_one_minute":128468,"minecraft:sneak_time":1110,"minecraft:walk_under_water_one_cm":628,"minecraft:jump":480,"minecraft:interact_with_stonecutter":2,"minecraft:leave_game":1,"minecraft:time_since_death":128468,"minecraft:walk_on_water_one_cm":6477},"minecraft:picked_up":{"minecraft:bedrock":1,"minecraft:polished_diorite":1,"minecraft:light_gray_carpet":2,"minecraft:birch_sapling":2}},"DataVersion":2230}