{"stats":{"minecraft:killed":{"minecraft:skeleton":2,"minecraft:sheep":3,"minecraft:horse":1,"minecraft:spider":1,"minecraft:creeper":1},"minecraft:used":{"minecraft:torch":100,"minecraft:birch_button":9,"minecraft:diamond_sword":43,"minecraft:bow":22,"minecraft:white_carpet":51,"minecraft:grass_block":1,"minecraft:gray_carpet":1445,"minecraft:polished_andesite":53},"minecraft:custom":{"minecraft:time_since_rest":43555,"minecraft:play_one_minute":43555,"minecraft:crouch_one_cm":2921,"minecraft:sprint_one_cm":11943,"minecraft:walk_one_cm":258725,"minecraft:sneak_time":1416,"minecraft:mob_kills":8,"minecraft:jump":87,"minecraft:damage_dealt":1186,"minecraft:leave_game":2,"minecraft:time_since_death":43555,"minecraft:walk_on_water_one_cm":373,"minecraft:fly_one_cm":413868},"minecraft:picked_up":{"minecraft:bone":4,"minecraft:arrow":2,"minecraft:rotten_flesh":1,"minecraft:gray_carpet":16,"minecraft:torch":2,"minecraft:mutton":2,"minecraft:white_wool":2,"minecraft:egg":1}},"DataVersion":2230}