{"stats":{"minecraft:crafted":{"minecraft:white_banner":2,"minecraft:stick":4,"minecraft:furnace":1},"minecraft:dropped":{"minecraft:polished_diorite":1,"minecraft:smooth_sandstone_stairs":1},"minecraft:used":{"minecraft:stone_brick_slab":157,"minecraft:dark_oak_stairs":15,"minecraft:water_bucket":20,"minecraft:sandstone_stairs":12,"minecraft:dark_oak_log":59,"minecraft:quartz_slab":10,"minecraft:grass_block":143,"minecraft:gray_carpet":92,"minecraft:polished_andesite":504,"minecraft:polished_andesite_stairs":19,"minecraft:andesite_slab":7,"minecraft:smooth_sandstone_slab":58,"minecraft:sandstone":140,"minecraft:cut_sandstone":100,"minecraft:quartz_stairs":15,"minecraft:grass":249,"minecraft:smooth_sandstone_stairs":155,"minecraft:stone_brick_stairs":110,"minecraft:polished_andesite_slab":27,"minecraft:oak_leaves":265,"minecraft:birch_button":13,"minecraft:torch":59,"minecraft:cobblestone":44,"minecraft:stripped_dark_oak_log":4,"minecraft:crafting_table":4,"minecraft:furnace":3,"minecraft:bucket":16,"minecraft:stripped_spruce_wood":6,"minecraft:polished_diorite":104},"minecraft:custom":{"minecraft:time_since_rest":246356,"minecraft:interact_with_furnace":6,"minecraft:sprint_one_cm":72,"minecraft:walk_one_cm":221560,"minecraft:drop":2,"minecraft:damage_dealt":10,"minecraft:fly_one_cm":872658,"minecraft:interact_with_crafting_table":12,"minecraft:play_one_minute":246356,"minecraft:crouch_one_cm":4224,"minecraft:sneak_time":3782,"minecraft:jump":321,"minecraft:leave_game":18,"minecraft:time_since_death":246356,"minecraft:walk_on_water_one_cm":1945},"minecraft:picked_up":{"minecraft:torch":17,"minecraft:birch_button":4,"minecraft:smooth_sandstone_stairs":1,"minecraft:gray_carpet":29,"minecraft:coal":5}},"DataVersion":2230}